Secrétaires très particulières,Adult,Add a Plot
Dadas Rifat Geliyor,"Action, Adult, Adventure",Add a Plot
Kafes,Adult,Add a Plot
Çirilçiplak,Adult,Add a Plot
Ah Ne Güzel Nane Sekeri,"Adult, Comedy",Add a Plot
Kanunun Kuvveti,"Action, Adult, Crime",Add a Plot
Delicesine,Adult,Add a Plot
Kral Benim,"Adult, Thriller",Add a Plot
Kadin Çapkin Olunca,Adult,Add a Plot
Beceriksizler,Adult,Add a Plot
Kartal Pendik Gittik Geldik,Adult,Add a Plot
Üç Yaman Bakire,"Adult, Comedy",Add a Plot
Randevu,Adult,Add a Plot
Tavsan Kizlar,Adult,Add a Plot
Portakal,Adult,Add a Plot
Yumurtanin Sarisi / Kadinin Sarisi,Adult,Add a Plot
Parola Kartal,Adult,Add a Plot
Tokmak Nuri,Adult,Add a Plot
Kivril Ama Kirilma,Adult,Add a Plot
Kader Utansin,Adult,Add a Plot
Amigo Hüsnü,"Adult, Comedy",Add a Plot
Kucaktan Kucaga,Adult,Add a Plot
Ne Zaman Geleceksin / Ne Çikarsa Bahtina,Adult,Add a Plot
Cafer'in Nargilesi,Adult,Add a Plot
Kötüler de Aglar,Adult,Add a Plot
Kadinlar,Adult,Add a Plot
Elmanin Alina Bak,Adult,Add a Plot
Sen ve Ben,Adult,Add a Plot
Nam-i Diger Çolak,Adult,Add a Plot
Ölesiye Sevmek,Adult,Add a Plot
Vur Patlasin Çal Oynasin,Adult,Add a Plot
Nerde Beles Orda Yerles,Adult,Add a Plot
Çifte Kavrulmus,Adult,Add a Plot
Çalkala Yavrum Çalkala,Adult,Add a Plot
Kokla Ama Koparma,Adult,Add a Plot
Intikamci,Adult,Add a Plot
Afilli Delikanli,Adult,Add a Plot
Çilgin Milyoner,"Adult, Comedy",Add a Plot
Canim De Bana,Adult,Add a Plot
Yalniz Adam,Adult,Add a Plot
Cezani Çekeceksin,Adult,Add a Plot
Iki Tatli Serseri,Adult,Add a Plot
Utanmaz Adam,Adult,Add a Plot
Su Perisi Elmasi,Adult,Add a Plot
Gariban Sakir / O Biçim Miras,Adult,Add a Plot
Simdi Sira Kimde / Bekardir Ne Yapsa Yeridir,Adult,Add a Plot
Bitirim Hüsnü / Fakirin Kaderi,"Adult, Comedy",Add a Plot
Kadinlara Dayanamam,Adult,Add a Plot
Nazmiye'nin Koltuklari / Naciye,Adult,Add a Plot
Kader Bu / Avare,Adult,Add a Plot
Çapkinim Hovardayim,Adult,Add a Plot
Seftalisi Ala Benziyor,Adult,Add a Plot
Dadas Rifat,Adult,Add a Plot