Ultimate crown (Mr Beast VS Ninja),Game-Show,Add a Plot
I Am an Alien,"Biography, Comedy, Game-Show",Add a Plot
UnEarthed,Game-Show,"UnEarthed is a spectacular interactive adventure into the natural world, inspiring people to respect, protect, and restore our planet's biodiversity, through impactful learning and entertainment. (North American."
Million Dollar Razzle Dazzle,"Drama, Game-Show, History","Tacky 80s game show ""Million Dollar Razzle Dazzle"" has a glut of real-life drama going on behind the scenes."
2062,Game-Show,The world will never be the same again. Boarders will turn red or disappear completely. New walls are build and old ideals buried. The 21 century arrived and changed us forever. We hardly realized it. Somehow everything continues the same.
Onside,"Game-Show, Sport","Hosted by Marcus Ramtohul, Onside is a Sports Debate Programme where Former Olympic Tennis Coach Nino Severino and Football Fan Reg Thompson, pit against each other in order to convince Ramtohul 'Onside' in the most debates."
Worlds Apart,"Animation, Action, Game-Show","War with an alien species known as the Droug has torn apart the world of Alvatros. Sam finds an enemy called Varek who takes him into the dystopian world. He meets Krista, a girl trying to ...See full summary»"
Meta Mogul Challenge,Game-Show,Add a Plot
Anything,"Crime, Drama, Game-Show",An adventurous group of people enter an off the grid reality series where saying no isn't an option.
Level 48,Game-Show,Add a Plot
Outrageous!,"Family, Game-Show",Two teams try to entice unsuspecting people to perform outlandish stunts. The winning video is the one judged funniest by the studio audience.
Fractures 2,"Action, Adventure, Fantasy","In a dystopian Overworld where Herobrine's undead army has decimated mankind and its home, the Undead luminary finds the Undead reign contested by the Nether Horde, a faction emerging from ...See full summary»"
Untitled Poker Project,Game-Show,Can anybody be made into a poker professional?
Fractures,"Action, Adventure, Fantasy",Will rain and Abigail fight Herobrine and win?
Luxe Show,Game-Show,Add a Plot
British Academy Games Awards,Game-Show,Add a Plot
Sipa Tsinelas,Game-Show,Add a Plot
Bad Bad Leroy Brown,Game-Show,"Leroy Brown is football coach who is teaching his team to rob the stadium concessions at the next big game, until his brother, a police officer is put on the case and discovers it's Leroy. Set in Detroit during the Detroit Grand Prix."
Khobbi shou «OKnutye lyudi»,"Game-Show, Reality-TV, Talk-Show","Azamat Musagaliev, Yana Koshkina, Denis Dorokhov and Zoya Yarovitsyna must guess which of the heroes is a virtuoso pianist and which is a man without bones."
IMTA Norway,Game-Show,Add a Plot
VISUAL//DIARY,"Game-Show, Sport",How a sports player preps his/her PEAKNESS
Friend Date with Adam,Game-Show,"Various call in players will be taken from the segments in the show - talent contests, trivia questions and various games - until the final showdown where they will all compete for the honor of being ""Adam's new best friend""."
2020 Virtual Quarantine Film Festival: Los Angeles Film School,Game-Show,Add a Plot
The Coming One - Girls,Game-Show,Add a Plot
Champion,Game-Show,Add a PlotUltimate crown (Mr Beast VS Ninja),Game-Show,Add a Plot