The Real Anthony Fauci,"Crime, Fantasy, History","Different experts make a stand against today's putatively criminal and harmful health system, focusing onAnthony Fauciand his role in the shaping of the AIDS and COVID-19 epidemics."
Y,News,'Y' is a Marathi thriller explored through hyperlinked narrative. The film revolves around four parallel yet interwoven stories coinciding at times.
#Models Wanted,"Action, Drama, Horror",Add a Plot
Life is Strange,"Drama, History, Mystery","This is a story about actor Kumud Pant.He was handsome,healthy, had six-pack.On April his weight was 75kg.With in month on May his weight drop down 62kg.He lose 13kg with out doing anything.He admitted Frimley Park Hospital.Life is strange"
2023 MTV Movie & TV Awards,News,"The 31st edition of the MTV Movie and TV Awards, and the sixth to jointly honor film and television. It was originally scheduled to be held on May 7, 2023 at Barker Hangar in Santa Monica, California, and be hosted by Drew Barrymore."
8th Wonderland,"Drama, News, Thriller",A website where people can virtually live in a true democracy becomes so popular that its leading members take questionable actions to improve the real world as well. This backfires and various governments brand them terrorists.
Villager News: The Movie,"Animation, Action, Comedy",Villager News: the movie is upcoming 2023 movie.
XRCO Awards Winners,News,Add a Plot
'NORMAL ' (Real Stories from the sex industry),"Biography, Drama, News",Normal follows the lives of 6 people working in the sex industry. Nicola Mai's groundbreaking form of storytelling explores their diverse experiences of exploitation and self-realization. Official Raindance Film Festival selection 2012.
Teesra shabd: The Shadow of a Woman,"Action, Drama, News",Add a Plot
Myall Creek Day of Justice,News,Add a Plot
XRCO Awards Nominations,News,Add a Plot
Pang Ting Sheng,"Drama, News","Weinan returns to China after being expelled from school in the UK, following his fathers advice he enrolls to a local university in Shanghai as a part-time student. Without much ...See full summary»"
The Passions of Jesus Christ,"Comedy, News",Spoiler alert Jesus dies and Ice-T does not play a detective.
Mirari,"Drama, News",Arthur Le Gall is 20 years old. He lives in his imaginary world and he tells himself stories. It is an artist. He likes to take pictures of what he sees. He organizes his scenes and works ...See full summary»
Punyal na ginto,News,Add a Plot
Be a Millionaire with Ishah,News,"How Ishah Wright became a millionaire, now more perfected by Ishah Wright to give you the real chance to do the same! This is from a Christian perspective and is in FULL HD!"
Freiland,"Comedy, Drama, News","Niels Deboos is fed up to the back teeth. Eurobonds, bankruptcy, corruption and reinless capitalism. The whole misery goes against the grain for Niels. He decides, to turn his back on the ...See full summary»"
Rayhan Kadar Gallery,News,Add a Plot
Ombres Chinoises au pays des Lumières,News,Add a Plot
Cannes Film Festival 2019,"News, Reality-TV, Talk-Show",A visit to Cannes Film Festival 2019 and footage of some events.
The Devil & Saddam Hussein,"Comedy, Drama, Mystery","Following the lives of four college students, independently, through a bizarre sequence of events that occur following the announcement of the capture of former Iraqi dictator Saddam ...See full summary»"
Quarterblack: The Rise of the Black Quarterback,"News, Sport","Quarterblack: The Rise Of The Black Quarterback delves into the history, evolution and contributions of the college and professional black quarterback. For decades NFL teams have mostly ...See full summary»"
Brasil S/A,"Adventure, News","Brazilian Dream is fruit of reflection on Brazil today. We Brazilians are used to seeing the country as peripheral, subaltern, poor and third-world. But in recent years Brazil has ...See full summary»"
Together We Live,"Drama, News, War","In a story, with the back-drop of San Francisco's general labor strike of 1934 (depicted by newsreel footage), a Civil War veteran , Hank (Willard Mack), sets out to show his two oldest ...See full summary»"
Spectator Australia TV,News,Add a Plot
The Best You Expo,News,Add a Plot
El vínculo de necesidad,"Biography, News, Sci-Fi",Add a Plot
The Deal,"News, Sport, Talk-Show",Covering the financial activities of sports teams and players.
Ja en tenim prou,News,A documentary composed by 87 critic shorts of different genres made in order to inform people about unknown news of recent facts of Valencia.
Toque de Queda,"Drama, History, News","When The Shining Path declared war on the Peruvian state, two journalists went on a journey to uncover the truth."
En Nou Wij FF,News,Add a Plot
Inside a Cult - Gender Critical,News,Add a Plot
Le principe du plaisir,"Drama, News",An illegal Tunisian immigrant wanders the streets of Paris. A bourgeois gay Jew wanders the rooms of his apartment. Once in a while they meet and engage in games of seduction. Provocative ...See full summary»
Intelligence Community Abuses: The Interviews,News,"Award-winning journalist, Ricardo Santiago Soto, asks the general public questions about how they feel regarding intelligence community abuses."
Max Trinitys Trickle Up Global Economics and the 250Boycott,News,"Promotion of the 250BOYCOTT, a movement to boycott and ban home rents and mortgages in favor of Sanctuary Home Titles. A movement to END homelessness globally and peacefully by utilizing ...See full summary»"
Stardust Memories: Discovery of Voyager,"Adventure, Fantasy, News","During the present day, an unexpected truth became clear when a group of people experience flashbacks in the space between the key of life - a veil of the past, present, and future. ...See full summary»"
Sun Flower: Himawari,"Drama, News","150 days after the Great East Japan Earthquake, in the fictional town of Izu. Akemi, a girl from the Tohoku region, constantly carries with her a sunflower, firmly believing in its ability ...See full summary»"
Rain storm,News,"The outline of the story: According to the true event adaptation. Challenges in confined space; A person, a car, buried under the debris...... Thrilling 45 minutes, full of betrayal, ...See full summary»"
Vi de udsatte,News,Add a Plot
Seven Africans,"Drama, News",In the eighteen years since Renewed World was started its four founders have been celebrated the globe over for making environmentalism the darling of Wall Street. Tomorrow their ...See full summary»
Felix Hits the North Pole,"Animation, News",Newsreel segment on the popularity of cartoon character Felix the Cat.
Bindiya Verma,News,Add a Plot
Countryside Community Church of Omaha Easter Service,"Music, News",Add a Plot
ABC News- As Detroit Suburb Burns Firefighters wont back down,News,Add a Plot
Sano se suomeksi,"Comedy, Music, News",Add a Plot
Entrevista Com o Surdo Gay,News,"Lino, a reporter, interviews Arlindo, who is a gay and deaf man. In the interview, he tells (always using the sign language) about the community of gay deaf people living in São Paulo, and ...See full summary»"
Montgomery Speaks His Mind,News,CBS news correspondents Edward R. Murrow and Charles Collingwood interview Field Marshal Viscount Montgomery at his home in England on issues ranging from World War II to the role of the United States in world affairs.
Good evening Egypt - Radio Show,News,"A daily live news program that has been broadcasting on Egyptian radio waves for more than 30 years. It reviews the latest developments in news, economy, art, culture, science and technology."
Siamo fatti così: Aiuto!,"Comedy, News",The film opens with blaring music over a large number of magazine covers and page one titles from the reference press leading to the conclusion that the present society is beyond redemption...See full summary»
Il sepolcro - Il collezionista,"Comedy, Crime, Mystery",Add a Plot
Austin Reentry,News,Add a Plot
Ipaubaya sa langit,"Drama, News",Add a Plot
KBEV/92nd Academy Awards - Full Coverage,News,Add a Plot
Harry Persson - Bud Gorman,"News, Sport",Swedish champion heavyweight boxer Harry Persson's training camp at Nöjesfältet and his American opponent Bud Gorman's in Saltsjöbaden are reported in brief introductory reports. Then ...See full summary»
1990: Living on the edge,News,Add a Plot
Instrumentalis,News,Add a Plot
Easter 2021 at Calvary Christian of Omaha area,News,Add a Plot
When Angels Strike,"Drama, News","Germany Kent takes us inside the Los Angeles Unified School District (LAUSD) historic strike where more than 30,000 public school teachers are outraged over low pay, inadequate support ...See full summary»"
Multiracial Identity for the Year 2000 Census,News,Panelists discussed the federal government's recent decision to allow individuals to define their race by more than one category on the 2000 census.
Collapse of China Explained by Chinese American Lawyer,"News, Talk-Show",The Collapse of China Explained By Chinese American Lawyer Gordon G Chang in a sit-down with Patrick Bet-David.
Making Baja California International Film Festival 2019,News,Add a Plot
Stories We Tell the Fertility Secret,News,Add a Plot
Malaysian Like Me,News,13 everyday Malaysians shares their personal story about what makes Malaysia their home.
Butch Hartman's Cult of Personality: OAXIS Discussion,News,Add a Plot
Making Baja California International Film Festival 2018,News,Add a Plot
The Hurricane That Shook America,News,Add a Plot
Making Baja California International Film Festival 2020,News,Add a Plot
Sinclair,"Crime, Drama, News",A businessman is wooed into local politics but faces an assault of manufactured stories in the media as a brutal smear campaign is levied against him by a political opponent in order to destroy him and his family.
The Lost Class of '59,News,"CBS News correspondent Edward R. Murrow reports on the integration problem in Norfolk, VA. and the civil rights issues involved in educating children."
Sensibilisation aux risques psychosociaux,News,Add a Plot
Vaudou Soccer: Temps Additionel,"Animation, Fantasy, News",Add a Plot
Metamorfosi digitali,News,Filmed theatre play about technology's impact on everyday life.
Zoom: pc world,"Drama, News, Sci-Fi","SF movie, Mr. Gang is a raising star of next generation. But it is hard to get a chance to release his movie in Korea, wasteland for SF movie. One day, he is thrust into Internet cafe ...See full summary»"
Post Debate Special,"News, Talk-Show",Add a Plot
Affected,"Drama, News, Thriller",Natural resources are running out and a mysterious man known as the Tempter is goading people to fight for the luxuries they want. Teenage documentary maker Jacob and his girlfriend Laura ...See full summary»
Star Haber,"News, Reality-TV, Sport",Add a Plot
Brexit to be or not to be,News,Add a Plot
Bread me,News,Add a Plot
Primetime Cowboys,"Crime, News",Add a Plot
Top 10 Trends Autumn Winter,News,"As the weather becomes a bit gloomy and the leaves begin to turn brown, your wardrobe must change. But thanks to the exciting and innovative trends for the upcoming seasons, it most ...See full summary»"
The Curse of Freedom! Freedomain Call In,"News, Talk-Show",Add a Plot
Waiting for Revolution,"Comedy, Drama, News","Simon is a student of political science in Washington, DC that has grown totally disillusioned with the way the world works. This leads to him feeling helpless and hopeless, but he is ...See full summary»"
"Seattle, la ville où tout semble possible",News,Add a Plot
Seisen sannen,News,Add a Plot
"Pathé News, No. 18",News,Add a Plot
Occupy Here Now,"History, News, War",Add a Plot
Is College Worth It? Tom Woods and Stefan Molyneux,"News, Talk-Show",Add a Plot
The Road to South,"Comedy, Drama, News",The story of a oil truck driver and his adventures when he takes his oil truck on a 2000km journey through 5 provinces in China.
Operation Hermes,"Comedy, News","A young graduate from the journalist school of Bordeaux arrives in Paris in search of easy glory. She makes up a devilish plan, but the trap closes in on her."
Panda Studios Expo,"Comedy, Family, News",Add a Plot
How Far We've Come,"Drama, Mystery, News",Add a Plot
Top 10 Trends Spring Summer,News,Add a Plot
The Bullseye Killer,News,Add a Plot
#MeTooNewsroom,"Crime, Drama, News","Venerable female POTUS, lady CEO of AMERIBANK and lone woman SCOTUS come clean on global media warning apathetic American citizen majorities that American women's career rises experienced ...See full summary»"
Butch Hartman's OAXIS Plan,News,Add a Plot
Understanding Pain in Older Age,"Biography, Family, News",This thought-provoking feature documentary will make you think twice before assuming that older adults who complain about pain are doing it just to get attention. Approximately 100 million ...See full summary»