Dead Hot: Season of the Witch,Reality-TV,"It follows Vanessa Hudgens and GG Magree in Salem as they set out to learn about witchcraft, ghost hunting, and connecting with the spirit world."
The One,"Horror, Reality-TV","Taylor makes a last-ditch effort to find love by becoming a contestant on a reality dating show. But she begins to feel the artifice of the show fade, and the game becomes terrifyingly real...See full summary»"
"SDMU-075: Art Models Wanted, Nude Modeling, Shameful Art Classes",Reality-TV,Add a Plot
Let's Be Evil,"Horror, Reality-TV, Sci-Fi",A vision of augmented reality.
Twitter Files,Reality-TV,Add a Plot
Sidemen Charity Match 2022 (Sidemen FC VS Youtube Allstars),"Reality-TV, Sport","Sidemen charity match Sidemen FC VS Youtube Allstars September 24, 2022"
The Abolitionists: Searching for Gardy - Part 7,Reality-TV,"Searching for Gardy is the dramatic episodic finale to The Abolitionists mini-series. This film features Operation Underground Railroad as they follow the trail in search for a young boy, Gardy, who was abducted from a church in Haiti."
Inside Helix,Reality-TV,"Ever wonder what it's like working in the adult industry? Go behind the scenes of Helix; a gay, adult film studio as the guys take you to their favorite restaurants, play games at the Helix house, and attend award shows."
Meet Me in Rome,Reality-TV,Add a Plot
Code Red Planet Earth,Reality-TV,"As the world continues to grapple with the devastating effects of climate change, Code Red Planet Earth is a powerful and inspiring film about the urgent need for action and finding new ...See full summary»"
Zombie Outbreak Response Team,Reality-TV,"Z.O.R.T. (Zombie Outbreak Response Team) 17 pump action water guns (filled with Holy Water), 4 chainsaws, 3 machetes, 4 baseball bats, 4 camera crews, roving reporter Jim Felge, and two agents covering the field of action."
Dark Web: Mystery Box,"Horror, Reality-TV",Social media personalities are buying and opening terrifying mystery boxes from the dark net.
The Skunk Ape Experiments: Issue #1,Reality-TV,"A trilogy of films that follows OutKast Paranormal on an adventure into Myakka city, Florida on a Skunk Ape investigation like you've never seen."
Perimeter,"Horror, Reality-TV, Thriller","During the summer of 2012, a reality show called, ""Millionaire $oulmate"" was well underway before production was abruptly and inexplicably halted. The truth as to why the show was never ...See full summary»"
We Are Gen Z,Reality-TV,"We Are Generation Z will star Piper Rockelle, Gavin Magnus, and Trey Sartorius, Sydney Raynell and Jaime Adler, and Capri Everitt. The show will follow the lives of these viral sensations ...See full summary»"
Celebrity Mitch Taebel and Taylor Swift Are Getting Married!!!,Reality-TV,Add a Plot
Hikari: Sparkling Blue Sky Hikari Aozora,Reality-TV,Add a Plot
Terrace House: Closing Door,"Drama, Reality-TV",A continuation and ending to the showTerrace House: Boys × Girls Next Door(2012).
Boyz from the Streets,"Comedy, Drama, Reality-TV","A mockumentary detailing the journey of four ""ni**as from the m.f. streets"" on their way to meet with a big time movie/music producer"
Too Much Fucking Shiori Kamisaki,Reality-TV,Add a Plot
Blind Surfer with Pete Gustin,Reality-TV,"Pete Gustin is one of the world's most widely heard voice actors. He is also blind. After losing most of his eyesight, he decided to show the world that a disability wasn't going to slow ...See full summary»"
All Nude - Riri Nanatsumori,Reality-TV,Add a Plot
Green Signal,Reality-TV,"Abandoned. Sold. Sheltered. This is the story of a girl whose life took different turns, changing everything beyond imagination. A dreading question awaits her - ""Who am I?!"""
Pin Up Foodie,Reality-TV,Pin Up Foodie comes to your TV in 2023. A Hollywood entertainment cooking show with Vintage Hollywood Pin Ups sharing their recipes and secrets on a positive and inspiring platform.
Dear Future Husband of Atlanta,Reality-TV,Add a Plot
New You,Reality-TV,"Janine, a mid-twenties waitress in London, fantasizes of being a model like Taylor - her idol and a world-famous model. Janine finally decides to quit her job and follow her dreams."
The coming one SS1,Reality-TV,"This Show uses music as the carrier to open up three unique and innovative tracks for young people around the world: Prosperity Beauty, Prosperity Magic Sound, Prosperity Unique Show. Yang ...See full summary»"
Sidemen Tinder in Real Life 4,Reality-TV,A tinder in real life with THE SIDEMAN AND THE IMPAULSIVE SQUAD.
Your Smile Yui Hatano,Reality-TV,Add a Plot
One Day Love - Mio Kimishima,Reality-TV,Add a Plot
ZOOP: De Reünie,Reality-TV,Eight very young actors started the adventure of the ultimately immensely popular youth series ZOOP twenty years ago. After three seasons the adventure ended in 2007. The original cast returns to the place where it all started.
Left to the Imagination,"Fantasy, Reality-TV, Romance","""Left to the Imagination"" is a sexy new film which features hot models from all around the world acting out various fantasies and erotic scenarios."
PA39: The Halloween Broadcast,"Horror, Reality-TV, Talk-Show","Feature-length release of the PA39 Hallowe'en television broadcast, including the full episode of ""Tyson Knight's Hallowe'en Special"" complete with TV idents and commercial breaks, as well ...See full summary»"
Pleasureland,"Drama, Reality-TV, Romance","Reality TV has given birth to the 'shotgun' celebrity. Reaching fame via one of many TV shows, they are paraded around the PA 'circuit' by fly-by-night agents until burn out. What's left is...See full summary»"
Visiting Desire,"Reality-TV, Thriller",Complete strangers meet in a room to act out their sexual desires.
Ronin Conurbano,"Comedy, Drama, Musical","Adrián is a street sweeper, electrician, masseur, martial arts instructor, but above all, he is a fan of heavy metal. He shares his life between his many activities and his passion for concerts and tattoos."
Donal's Irish Adventure,Reality-TV,Join Donal along with his trusty dog Max as his travel companion as they embark on a food-filled Road Trip around Ireland.
Imagine Nation,Reality-TV,"What started as a small city festival in Atlanta has blossomed into one of the largest EDM festivals in North America. Viewers are immersed into the event's eye popping laser / light show, ...See full summary»"
Only You - Kana Morisawa,Reality-TV,Add a Plot
Art of Roxanne's Clippered Haircut,Reality-TV,"Roxanne loves to make a statement. Red lip stick, tons of hairspray, and bold eyeliner for when she goes out. Roxanne wants a haircut to match her style, and she wants it retro. Retro ...See full summary»"
Messiah or Pariah,Reality-TV,The real story behind one of North America's boldest adventurers who lost his life trying to spread a polarizing message.
Aliens in LA,Reality-TV,Los Angeles has had the most Alien and U.F.O. sightings in the entire world since the 1950's. This unique documentary takes an unparalleled look at several of those encounters over the ...See full summary»
Chongchuniyo!,"Comedy, Drama, Reality-TV",A North Korean romantic comedy that involves martial arts.
Sponsored Divas,Reality-TV,"Welcome to the age of the sponsorette, where the best things in life are red bottoms, designer purses, and of course, when your bills get paid on someone else's credit card. What is a ...See full summary»"
Going Vertical,"Reality-TV, Sport","In 2012, a petition was started to have Pole Dancing accepted as an Olympic Sport. Hang out with your host Ada Martinez and learn about pole dancing. Interviews and films from Australia, ...See full summary»"
Craziest Vacation Ever,Reality-TV,Add a Plot
Nubia Amplified,Reality-TV,"The cast of the blockbuster stage production, which was performed in front of three sold-out New York crowds in March, has joined forces for an historic digital round table discussion."
Love 20/20,"Reality-TV, Romance",Add a Plot
"Suzu Is Displaying Her Talents, Her Intelligence, and Her Sexual Prowess Suzu Matsuoka",Reality-TV,Add a Plot
Celebration of Music,"Family, Music, Reality-TV","Celebration of Music is a talent search that showcases the best young musical talent across the Globe. Singers, musicians, bands, and dancers between the ages of 5 and 25 are all encouraged...See full summary»"
FA Cup Final: 1963 - Manchester United vs Leicester,Reality-TV,Add a Plot
World of Illusions,Reality-TV,Add a Plot
"Fuck Dig, Jeg Er Klart Kendt",Reality-TV,"In The Summer of 2016 a young group of young people in Aalborg met in the attempt of writing, producing and recording a rap track. This movie documents the creative process and the ...See full summary»"
Mismatch,"Comedy, Reality-TV",Mismatch - opposites detract!
Jimmy Boy,Reality-TV,Add a Plot
Derby della Mole,Reality-TV,Add a Plot
Rabb De Bande,Reality-TV,Add a Plot
Playboy Exposed: Naked on the 4th of July,Reality-TV,Add a Plot
The Polterguys,Reality-TV,"A comedy following two friends dealing with the trials and tribulations of show business, fame (or lack thereof), and their own relationship, as they painstakingly produce a new paranormal investigation reality show starring themselves."
Human Core,"Reality-TV, Sci-Fi",The world population is made up of 4 billion individuals between the ages of 80 and 100 who stay young and healthy thanks to stem cell transplants. 100% of the world population has a ...See full summary»
A Brand New Yay!,Reality-TV,Add a Plot
Smoky Mountain Wilderness Adventure,"Adventure, Reality-TV","Dolly's cousin Clovis has invented a brand new all terrain vehicle with you in mind. His wild and wacky tour of the Smokies is like no other, especially when he drafts Dolly to be his tour ...See full summary»"
Manchester United vs Tottenham Hotspur,Reality-TV,Add a Plot
Il Po di Ferrara,Reality-TV,Add a Plot
Cannes Film Festival 2019,"News, Reality-TV, Talk-Show",A visit to Cannes Film Festival 2019 and footage of some events.
Call for Peace,Reality-TV,Call For Peace gives voice to young people around the world calling for world cooperation and an end to the war in Ukraine.
MADE. IT.,Reality-TV,A writer takes on Hollywood with her young protégés.
Yuna 3: Everything Erogenous,Reality-TV,Add a Plot
Jesse James Presents: Austin Speed Shop Fenders,Reality-TV,Jesse James shares his incredible craftsmanship as he demonstrates the art of making fenders.
Fryton on Sea Uncovered Pilot,Reality-TV,This is reality at its best it goes undercover to explore the interesting lives and stories of people who friend and they describe how they live and work. The content is told from a true ...See full summary»
The Jewelry Artist,Reality-TV,"On The Jewelry Artist, Jewelry Designer Annalisa Cervi opens the doors to her Brownstone studio to share the world of the custom jewelry industry while creating unparalleled pieces for her ...See full summary»"
101 Near Misses,Reality-TV,"From heart-stopping close shaves and averted disasters to incredible brushes with danger, this show counts up from 1 to 101 to feature some of the most unbelievable near misses of all time."
Sons of St. Clair,"Music, Reality-TV",I like bone thugs n harmony. They are the best group.
Izuna: Summer Story of Izuna and the Sea - Izuna Maki,Reality-TV,Add a Plot
Super Yacht Hide & Seek,Reality-TV,Add a Plot
The Return of Christ Bash Series Volume 7,Reality-TV,The Return of Christ Bash Series Volume 7
Jessica Sinclaire Presents: Confessions of A Lonely Wife,Reality-TV,"The widow of a murdered record producer recalls her roller-coaster ride of a marriage. Second in the successful ""Jessica Sinclaire presents . . ."" series of original urban films."
Beyond the Close,Reality-TV,Add a Plot
Fratpad Fratmen Ultimate Tribute: Part 2,Reality-TV,This is a different edition with brand new music videos to tribute the fratmen of Arizona. Something gone by not meant to return. The reason to tribute 'those legends' that the members remember .
Blogery i dorogi,Reality-TV,Add a Plot
Friday Night Dirt,Reality-TV,Stock Car racing is as American as apple pie and Friday Night Dirt follows the ups and downs of dirt track racers throughout the race seasons.
Ann Deep and Rich Sweet Honey Ann Mitsumi,Reality-TV,Add a Plot
The Declassified,"Action, Comedy, Fantasy",Four friends from different Worlds clash contrasting personalities in a perception of reality. This group of personalities sets out to document their lives and discover what it means to be ...See full summary»
Ichika: An Okinawa Maiden's Temptation - Ichika Matsumoto,Reality-TV,Add a Plot
Love Thing,"Comedy, Fantasy, Musical",Love Thing captures the emerging multicultural spirit and personal freedom of the late 1970s with an outrageous attitude and experimental style.
Los Angeles Galaxy vs San Jose Earthquakes,Reality-TV,Add a Plot
Driving on Promises,"Music, Reality-TV","Driven by fire, childhood dream and and a boundless passion for music, Dominic, Danahé, Raphael and William gives every evening everything they have. Before a sold out Club Soda or in an ...See full summary»"
Not This Again!,"Action, Adventure, Horror",The final chapter in the 'NOT' trilogy. Whophead: Old legends never die for these friends on a story telling walk through the woods. Comic Boy: One boys comic obsession goes too far. ...See full summary»
Haunted Appalachia,Reality-TV,Add a Plot
The Vault: After Dark,Reality-TV,Add a Plot
The Ultimate Audition,Reality-TV,"These actors are extraordinary-- bright, talented, passionate, funny, anxious, insecure, and desperate for a break. Will they fulfill their starstruck dreams? Witness their quest-- an ...See full summary»"
Art of Tina's Wedge Pixie Haircut!,Reality-TV,Tina enjoys coloring her hair with henna. The henna gives her hair a reddish-brunette color. But it takes her at least a half an hour to color it as her hair is quite long - to her waist. ...See full summary»
Cruezer,"Drama, Reality-TV","Two brothers, Jacob and Harold, spend most of their time within the same metal frame working for a company called, ""Cruezer"". Both with different past lives, now find It difficult to shake ...See full summary»"
Bloody Legends: Yara,"Comedy, Horror, Reality-TV",The crew from paranormal reality TV show 'Bloody Legends' go missing while hunting down the mythical Yaramayahoo in the Australian bush.
"Ready or Not, Here I Come",Reality-TV,Add a Plot
Il treno del Po,Reality-TV,Add a Plot
The Duke of Paducah,Reality-TV,"A docu-series following the bigger than life personality, Sir Kenn Gray as he manages his interior design empire with his family and friends in the small town of Paducah Kentucky."
Sheryl Crow: Live,"Music, Reality-TV","Join Sheryl Crow as she leads her longtime band through some of her biggest hits in this one-night-only performance, which also includes a rare cover of the Nick Lowe classic ""(What's So Funny 'Bout) Peace, Love and Understanding."""
No Action Class s Thai Massager,Reality-TV,Add a Plot
British Celebrity Babes Volume 1,Reality-TV,Add a Plot
Fight Story II,Reality-TV,Add a Plot
West Ham United vs Manchester United,Reality-TV,Add a Plot
Amazing Performances from Around the World,Reality-TV,Add a Plot
Canadian Fratboys Weekend Party,Reality-TV,Canadian Fratboys Weekend Party
Queen of the Universe Pilot,Reality-TV,Women from all around the world going through training to demonstrate beauty from the inside out at its best.
Birth of a Notion,Reality-TV,"Real life story of why college educated American white women supports Trump. Writer, Director, Producer Parthiban Shanmugam's an all-new gripping, horrifying politics and oftentimes devilishly comical anthology."
It Figures,"Reality-TV, Talk-Show",TV host and actor Justin Bratton travels the world to get to the bottom of all the facts and figures there cloud our media on It Figures.
The 1st TV Academy Hall of Fame,Reality-TV,Add a Plot
What Really Happened Was... Live!: A Tangled Web,"Comedy, Reality-TV","On April 3rd, a body is found in an I-Hop parking lot. Turns out it was one-time movie extra Ollie Merrill who was given a break and two lines in a feature film adaptation of Sir Walter ...See full summary»"
SD Eibar vs Valencia CF,Reality-TV,Add a Plot
Stare Hard,Reality-TV,Add a Plot
AZ Alkmaar vs Ajax,Reality-TV,Add a Plot
Rohan Marley - Tuff Gong Pilot,Reality-TV,Add a Plot
HD Moods: Hawaii,Reality-TV,"Bring the island atmosphere to your home as you enjoy more than 45 beautiful scenes and natural sounds from Hawaii, Kauai, Oahu and Maui, including unknown hidden beaches and the famous Army Beach featured on the hit TV show LOST."
Mouna Ragam,Reality-TV,Add a Plot
Raly Irani: Iranian Rally,Reality-TV,Add a Plot
British Celebrity Babes Volume 3,Reality-TV,Add a Plot
The Connected 2,"Crime, Reality-TV",Add a Plot
Shango: The Lightning of the Orisha,"Action, Biography, Drama",O'Shang a man born into ancient African royalty in the 1700's finds himself forced into slavery and must use his new abilities to hunt down the European colonizers who enslaved his people.
Heritage High School Class of 2023 Graduation Video,Reality-TV,Add a Plot
Hollywood and African Prestigious Comedy/Music/Fashion Awards 2019,Reality-TV,Add a Plot
Linni søker drømmeprinsen,"Reality-TV, Romance","A bunch of hand-picked men fight for Linni Meister's heart. Linni is assisted by close and famous friends, and she opens up and shows the public completely new sides of herself. One by one,...See full summary»"
Inter Milan vs AC Milan,Reality-TV,Add a Plot
Legendary Gold 2022 2023,Reality-TV,"Africa Celebrates Addis Ababa 2022. It will be music, dance, cuisine, exhibition, business and tour of the beautiful city of Addis Ababa plus a gala fashion event - Africa Fashion Reception."
Taxi Tales from Rajah,Reality-TV,"This is one week in the life of a taxi driver in Hastings, Sussex, UK"
Miyuki Komatsu - Nude,Reality-TV,Add a Plot
My Sexy Frat Girl,Reality-TV,"'My Sexy Frat Girl' is compilation of the certain sexy model, who should be known as the 'frat girl' as she has been the most cooperative chick ever. This is a compilation of all her photo ...See full summary»"
Hollywood Faces,"Adventure, Drama, Reality-TV","A young Hollywood star Ricky Denver decides to live in Europe (Istanbul, Turkey) for few months after getting some annoying news from TV and magazines. He's so sick of the paparazzi. No one knows where he is, until a TV channel discovers him."
Romance of the Stars,Reality-TV,Add a Plot
Asian Perfume in Bangkok - Nean,Reality-TV,Add a Plot
Tattoo Master Show,Reality-TV,Add a Plot
Nimes vs Lyon,Reality-TV,Add a Plot
Taiwanese cooking TV show,Reality-TV,Add a Plot
1985 Fa Cup Final - Manchester United V Everton,Reality-TV,Add a Plot
In Deep Water,Reality-TV,"Interviews with the producers and actors and in depth interview with the author on the subject of drugs, alcohol, smoking and sex."
Face Off: The Walking Guests,Reality-TV,Add a Plot
Pipkin Pippa Ch. Phase Connect,"Comedy, Reality-TV, Talk-Show",Add a Plot
Champions League - Semi-Final Real Madrid vs Barcelona,Reality-TV,Add a Plot
American Music Awards: Concert Series,Reality-TV,Add a Plot
SD Huesca vs Cadiz,Reality-TV,Add a Plot
"Deuce Garner Dagestan, Russia Fight",Reality-TV,"Kenneth Garner, M1 World Champion heads to Dagestan, Russia for a rematch fight with Malikov Magomed. If he wins heads to a fourth title belt bout."
Manchester United vs Manchester City,Reality-TV,Manchester United are 5th in the Premier League and Man City are second. Man United must win this match to get one step closer to the Champions League.
Sexcetera,Reality-TV,Add a Plot
Demo Reel: Game 02,Reality-TV,"The 2nd game of The Perfect League on Hall of Fame Mode Kobe Bryant almost scored a double-double. 97 points, 3 rebounds, 9 assists, 29 dunks. Lol. -The Perfect League More info at MarkFader dot com"
Feeling Like Mixed Bathing Vol.31 - Kana Koizumi,Reality-TV,Add a Plot
SD Eibar vs Villarreal CF,Reality-TV,Add a Plot
The House of Aria,Reality-TV,"The House of Aria is a captivating reality show that takes viewers into the extraordinary lives of the Aria family and Radhesh Aria, also known as Aria I, and his family. The series offers ...See full summary»"
Acting Raw,Reality-TV,"Thought provoking, inspiring. The show that delivers the results and The UKs next top screen actor."
Out in the Open,Reality-TV,"A cooking series set in the heart of the pandemic, with a celebrity Chef and celebrity guests. All filmed in the Canadian outdoors."
Road to Slamball,Reality-TV,Add a Plot
The Whine Guy,Reality-TV,Charismatic Anthony Gilardi travels the world visiting vineyards and educating the audience on wine.
Mary Wanna,Reality-TV,Add a Plot
Luxury Gala 2019,Reality-TV,Add a Plot
Soft Lad,Reality-TV,Add a Plot
Playing Beerpong against Twitch's biggest Fratboys,Reality-TV,"Cyr, Mizkif, Erobb and I played beerpong during the OTK end of summer party."
Rika Omi/Pretty!,Reality-TV,Add a Plot
Silent Movie Renaissance,"Adventure, Comedy, Reality-TV",Add a Plot
Fratmen Fratpad World Wide Tribute (Part 2),Reality-TV,' It is those typical things when you live in a very boring suburb thinking nothing is going on but no there is a certain house where 100s of hot fratmen are partying like mad all in secret in Arizona.
Los profesionales,"Comedy, Reality-TV",Add a Plot
EA Madden NFL 19 Challenge,"Reality-TV, Sport",Add a Plot
Dancer MAO,Reality-TV,Add a Plot
SD Huesca vs Real Valladolid,Reality-TV,Add a Plot
Champions League - Semi-Final Atletico Madrid vs Bayern Munich,Reality-TV,Add a Plot
Manchester United vs Watford,Reality-TV,Add a Plot
Milwaukee Bucks vs Memphis Grizzlies,Reality-TV,Watch the Memphis Grizzlies at the Minnesota Timberwolves with NBA League Pass.
SC Freiburg vs RB Leipzig,Reality-TV,Add a Plot
Idiots Guide to Britain,"Adventure, Comedy, Reality-TV",Add a Plot
The Hinsdale Archives,Reality-TV,"The Hinsdale House in Hinsdale, NY is a widely known hot spot of paranormal activity. However, I believe it is so much more than that. A haunted object, a solo investigation, and a ...See full summary»"
AC Milan vs Bologna,Reality-TV,Add a Plot
Writing on Ice,Reality-TV,Follow Sportswriter Sam Cachidi around behind the scenes of the flyers hockey season and see what a day in the life of a sportswriter is all about.
Ride Along,Reality-TV,Ride Along is a half-hour series dedicated to First Responder activity. Viewers get an immersive experience showcasing true crime activity straight from the 911 command center.
Liverpool vs Atalanta,Reality-TV,Add a Plot
Juventus FC vs Bologna FC 1909,Reality-TV,Add a Plot
Bayer 04 Leverkusen vs Bayern Munich,Reality-TV,Add a Plot
Manchester City vs Queens Park Rangers,Reality-TV,Add a Plot
Real Zaragoza vs CD Leganés,Reality-TV,Add a Plot
Design on Time,Reality-TV,Add a Plot
Morty and Friends: The Life of Morty,"Reality-TV, Talk-Show","Welcome to Morty and Friends Rated Teens for Cussing, Mischief, Things you should never do to your parents, and Scenes that may not be suitable for all audiences."
Borussia Dortmund vs Lazio,Reality-TV,Add a Plot
South Africa vs Morocco,Reality-TV,Add a Plot
NUDe an Affair. Take Me to A Foreign Country,Reality-TV,Add a Plot
Premier League 10. Matchday the Manchester Derby,Reality-TV,Add a Plot
Premier League 25. Matchday Manchester City vs. Arsenal FC,Reality-TV,Add a Plot
Paris Saint-Germain vs Barcelona,Reality-TV,Add a Plot
Borussia Dortmund vs Manchester City,Reality-TV,Add a Plot
Ukraine vs Spain,Reality-TV,Add a Plot
Chelsea vs Manchester United,Reality-TV,Add a Plot
Inside A Black Man's Home,"Adventure, Reality-TV",Add a Plot
Coppa Italia Semi-Finals 2nd Leg Juventus FC vs AC Milan,Reality-TV,Add a Plot
Makin' a Mess with Jackamoe,Reality-TV,Add a Plot
Real Madrid vs Atalanta,Reality-TV,Add a Plot
The Steppers Pavilion,Reality-TV,Add a Plot
Bayern Munich vs Bayer Leverkusen,Reality-TV,Add a Plot
SD Eibar vs Real Betis Balompié,Reality-TV,Add a Plot
Display,"Mystery, Reality-TV, Thriller",Two vlogging sisters find themselves unexpectedly in a locked room. A live stream is their only connection to outside. The struggle for freedom and the impact on the community is bringing back old disputes.
Barcelona vs Borussia Dortmund,Reality-TV,Add a Plot
A Blonde Beautiful Girl Gemma,Reality-TV,Add a Plot
Véolia: Pyramide Inversée,Reality-TV,Add a Plot
What the Fik,Reality-TV,"Toufik goes around the streets of the beautiful city of Nice (in France), asking elder people about their spicy past."
Liverpool - Brentford,Reality-TV,Add a Plot
Demo Reel: Game 03,Reality-TV,"The 3rd game of The Perfect League on Hall of Fame Mode Kobe Bryant with another high-scoring game. 87 points, 4 rebounds, 10 assists, 26 dunks. Lol. -The Perfect League More info at MarkFader dot com"
Tsumugi3 Sky Blue Island,Reality-TV,Add a Plot
Taxidermy USA,Reality-TV,Add a Plot
Juventus - Napoli,Reality-TV,Add a Plot
Juventus vs Real Madrid,Reality-TV,Add a Plot
Leeds United vs Manchester United,Reality-TV,Add a Plot
Promoción De Ascenso A Laliga2 Semi-Finals 2nd Leg Lorca FC vs Albacete Balompié,Reality-TV,Add a Plot
Ajax vs FC Utrecht,Reality-TV,Add a Plot
Leicester City vs Chelsea,Reality-TV,Add a Plot
Supercopa de Espana Final 2020,Reality-TV,Add a Plot
The FA Cup Semi-Final Manchester United vs Chelsea,Reality-TV,Add a Plot
SD Huesca vs Atletico Madrid,Reality-TV,Add a Plot
Freshman Mushroom Project,"Drama, Fantasy, Mystery","Peter Lu's Freshman Mushroom Project plunges attendees into the heart of a discomforting, autobiograpical live performance that examines sexuality."
Catch me Risa Kikuchi,Reality-TV,Add a Plot
Manchester Derby,Reality-TV,Add a Plot
Never Forgotten,Reality-TV,Add a Plot
Youthful Jiggly Panic!? 2nd O Airi Shima,Reality-TV,Add a Plot
Germany vs Argentina,Reality-TV,Add a Plot
Laliga 30. Matchday Real Sociedad vs Real Betis Balompié,Reality-TV,Add a Plot
Mindset with Urijah Faber,Reality-TV,In each episode Urijah Faber travels to a different part of the country to interview the top percentile in their field.
Real Betis vs F91 Dudelange,Reality-TV,Add a Plot
Nimes vs St Etienne,Reality-TV,Add a Plot
EFL Cup Final 2017,Reality-TV,Add a Plot
Middlesbrough vs Southampton,Reality-TV,Add a Plot
"Single, 4 Kids and Looking for a Date",Reality-TV,An eccentric struggling single mother in her early forties with four kids seeks a partner.
Risa Shiro's Bubbly Sweet Youth,Reality-TV,Add a Plot
Tough Guys Groom,Reality-TV,Examples of U.S. veterans succeeding in life after serving in the military. A video series that shows several veterans succeeding in starting their own businesses.
Norwich City vs Arsenal,Reality-TV,Add a Plot
Hidden Beauties Revolution Yuka Kirihara,Reality-TV,Add a Plot
Rôkaru rosen basu noritsugi no tabi the Movie,Reality-TV,Add a Plot
Vegas Background,Reality-TV,Add a Plot
Strasbourg vs Nimes,Reality-TV,Add a Plot
Golden State Warriors vs Houston Rockets,Reality-TV,Add a Plot
The Chicklet Club,Reality-TV,Five misfit kids find acceptance and friendship when they form a club to create a TV show.
Music Garage,Reality-TV,Add a Plot
Borussia Dortmund vs Borussia Mönchengladbach,Reality-TV,Add a Plot
Non ascoltare in caso d'incendio,Reality-TV,Add a Plot
More Than Friends - Less Than Anal,Reality-TV,Add a Plot
Commencement,Reality-TV,Add a Plot
Seattle Sounders FC vs Sporting Kansas City,Reality-TV,Add a Plot
Desperate - An East Village Western,"Reality-TV, Western",A portrait of a desperate man in the East Village circa 1996.
A Conversation with an Angel,Reality-TV,Add a Plot
Supercopa de España Final,Reality-TV,Add a Plot
AC Perugia vs Milan AC,Reality-TV,Add a Plot
Dumpster Store,"Comedy, Reality-TV",Dumpster Store AKA Scary Treasure. Scott Migdol with this new TV show about Real Life store full of props used on shows. Green screen wall and Garage Mine. In the field score and great ending.
Little Prince: Codes of Love,"Adventure, Reality-TV","The group Little Prince goes on a quest to Malta, where the guys meet locals to find a code of love. They change songs for royal pampering, take local beauties by boat, and charm Maltese TV viewers with concerts in unusual places."
Zach Attacks: Costa Rica Especial,Reality-TV,"Zach Delfs allows the audience to follow him on his adventure to Costa Rica. See what he saw, do what he did, enjoy what he enjoyed - In Zach Delfs' Costa Rica Attack Especial."
Roma vs Inter Milan,Reality-TV,Add a Plot
Sanchez,Reality-TV,Docu-series chronicling Adolfo Sanchez's preparations to be the first Mexican American Angelino in Paris Fashion Week.
Swansea City vs Manchester United,Reality-TV,Add a Plot
Partizan Belgrade vs Manchester United,Reality-TV,Add a Plot
World Power 2035,"Action, Reality-TV",Add a Plot
Manchester United vs Manchester City,Reality-TV,Add a Plot
Lyon vs Barcelona,Reality-TV,Add a Plot
Demo Reel: Game 01,Reality-TV,"The 1st game of The Perfect League on Hall of Fame Mode. Kobe Bryant scored a double-double. 91 points, 6 rebounds, 15 assists, 13 turnovers. Lol. -The Perfect League More info at MarkFader dot com"
Top Properties,Reality-TV,Add a Plot
Manchester United vs Leicester City,Reality-TV,Add a Plot
Koharu It's A Flower Blooming Koharu Day Koharu Sakino,Reality-TV,Add a Plot
SC Freiburg vs TSV 1860 Munich,Reality-TV,Add a Plot
Band of Color,Reality-TV,a crucial question before the world community today is whether gay rights are included under our basic human rights.
Manchester United vs Chelsea,Reality-TV,Add a Plot
Inter Milan vs Atalanta,Reality-TV,Add a Plot
CD Leganés vs Real Zaragoza,Reality-TV,Add a Plot
Reading FC vs Manchester United,Reality-TV,Add a Plot
Premier League 28. Matchday Manchester City vs Arsenal FC,Reality-TV,Add a Plot
Paris Saint-Germain vs Lille OSC,Reality-TV,Add a Plot
Premier League 34. Matchday Chelsea FC vs Manchester United,Reality-TV,Add a Plot
CD Mirandés vs CD Leganés,Reality-TV,Add a Plot
7th WMIFF Awards,Reality-TV,Gathering of nominated Indie artist from around the World for the 7th Annual World Music and Independent Film Festival Awards 2016
The Indian Act,Reality-TV,A man who only identifies himself as The Indian goes on a series of adventures to clear his name in a DUI case.
Liverpool vs Aston Villa,Reality-TV,Add a Plot
Tottenham Hotspur vs Manchester United,Reality-TV,Add a Plot
Still I Am with Alton Claude,Reality-TV,Add a Plot
Manchester United vs Arsenal Football Club,Reality-TV,Add a Plot
Khobbi shou «OKnutye lyudi»,"Game-Show, Reality-TV, Talk-Show","Azamat Musagaliev, Yana Koshkina, Denis Dorokhov and Zoya Yarovitsyna must guess which of the heroes is a virtuoso pianist and which is a man without bones."
Xanadou,Reality-TV,Add a Plot
Our Journeys with Daria Rottenberk,Reality-TV,Russian-American Adoptee Daria Rottenberk brings us a beautiful insight into her journey and life with her adoption journey.
Beyond the Pole,Reality-TV,A reality competition series centered on the world of competitive pole dancing.
The Ramos Productions Show,Reality-TV,"Merry Christmas, from Ramos Productions."
Best of Mario's Vlog,"Biography, Reality-TV","Theatrical feature-film edition of Mario's Vlog. The original 2011 series followed Mario, co-founder of Heaven Sent Gaming, as he overcame camera shyness through video blogs. It also includes new bonus content."
5th Annual World Music & Independent Film Festival,Reality-TV,Add a Plot
Mikulás Vareha a sikanovanie z danového úradu,Reality-TV,Add a Plot
West Ham United vs Manchester United,Reality-TV,Add a Plot
Jeonbuk Hyundai Motors vs Shanghai SIPG,Reality-TV,Add a Plot
Manchester United vs Olympiakos FC,Reality-TV,Add a Plot
3X3 Xcelerate: Burn Outs DVD,Reality-TV,Add a Plot
Roma vs Manchester United,Reality-TV,Add a Plot
RV Walk-Thru - The Basics,Reality-TV,"Teaching new or inexperienced RVers how to use the devices and appliances on their motor home, travel trailer, or camper with this informative and fun how-to video."
Project 730,Reality-TV,This is a real story of a guy who gave up everything to travel the world with a backpack and a camera.
Sodapoppin Playthroughs: Virtual Reality (VR),Reality-TV,Chance's playthroughs of multiple Virtual Reality titles.
Deportivo Alavés vs Getafe CF,Reality-TV,Add a Plot
A Day with Jose,Reality-TV,"In August 2019, a reporter follows Jose Mourinho through his hometown in Portugal and Mr. Mourinho speaks about his life and his city and football."
United States vs. China,Reality-TV,Add a Plot
Making the Movie,Reality-TV,Add a Plot
Newcastle United vs Manchester United,Reality-TV,Add a Plot
OffAss,Reality-TV,Add a Plot
FC Porto vs Chelsea,Reality-TV,Add a Plot
CF Reus Deportiu vs Levante UD,Reality-TV,Add a Plot
Borussia Dortmund vs Atletico Madrid,Reality-TV,Add a Plot
SD Eibar vs Real Betis Balompié,Reality-TV,Add a Plot
AC Milan vs Torino,Reality-TV,Add a Plot
Manchester United vs Norwich City,Reality-TV,Add a Plot
CD Leganés vs Málaga CF,Reality-TV,Add a Plot
Hidden Beauties Revolution,Reality-TV,Add a Plot
Tottenham Hotspur V Aston Villa,Reality-TV,Add a Plot
Levante UD vs Real Betis Balompié,Reality-TV,Add a Plot
Lazio vs Bayern Munich,Reality-TV,Add a Plot
So Much Shaking Julia,Reality-TV,Add a Plot
Manchester United vs Hull City,Reality-TV,Add a Plot
Mud County,Reality-TV,"See all the mud lovin' characters that were born to live in Mud County, and rock to an all new original soundtrack."
Hip & Leg,Reality-TV,Add a Plot
COPA DEL REY Quarter-Finals 2nd leg Real Betis Balompié vs RCD Espanyol Barcelona,Reality-TV,Add a Plot
Los Angeles Galaxy vs Portland Timbers,Reality-TV,Add a Plot
Deep Impact - Hana Arisuka,Reality-TV,Add a Plot
China vs. Argentina,Reality-TV,Add a Plot
"Yura 4, Yurari Quest - Yura Kurano",Reality-TV,Add a Plot
Vitesse Arnhem vs Ajax,Reality-TV,Add a Plot
CD Leganés vs Córdoba CF,Reality-TV,Add a Plot
Carabao Cup Final 2020,Reality-TV,Add a Plot
Liquid Gold: From the Mediterranean to the Midwest,Reality-TV,"For the past 10 years, Peter Schultz has taken a group of mostly Midwesterners to Greece, the country he calls ""the center of my world."" But it's not simply a vacation to learn about the ...See full summary»"
AD Alcorcón vs Real Zaragoza,Reality-TV,Add a Plot
Sodapoppin Playthroughs: VRChat,Reality-TV,Chance being involved in all kinds of crazy shenanigans in VRChat.
Omer Pasha World Premieres,Reality-TV,"""Omer Pasha World Premieres"" is a biographical documentary based on ""Omer Pasha Music Videos"" with their world wide premieres in New York and Los Angeles,USA, Cannes, France and Vancouver,BC,Canada from year 2005 to 2013."
Tonya Larson Fit Family,"Reality-TV, Sport",This is a great way to have fun with your kids while getting active as a family. Tonya develop an exercise routine that appeals to all ages and fitness levels.
Middlesbrough vs Burnley,Reality-TV,Add a Plot
Semi-finals 2nd Leg Arsenal vs Liverpool,Reality-TV,Add a Plot
Barcelona vs Villarreal,Reality-TV,Add a Plot
Manchester United vs West Ham United,Reality-TV,Add a Plot
Manchester United vs Juventus,Reality-TV,"Cristiano Ronaldo played at Manchester United 9 years ago and now he's returning to the place he calls home ""Old Trafford"" but playing with Juventus, another team."
Juventus F.C. vs Atalanta B.C.,Reality-TV,Add a Plot
Most Popular Clips,Reality-TV,Here are Soda's most viewed clips of the month.
Mad Fabricators Society: Invades Australia,Reality-TV,"Take a Journey to Australia to check out historical survivor hot rods and see one of the best shows in the country, Chopped."
Travel with an accent Latinos in Paris,Reality-TV,"Join Suarez Family to Travel across the world, meet the queen of England and many more surprises while you learn travel tip, visit Paris, and more. Join Suarez Family to Travel across the ...See full summary»"
Tonya Larson Power Stretch and Sculpt,Reality-TV,"Stretching is an excellent way for exercisers of all fitness levels to relieve stress and back pain, strengthen and condition abdominal, lengthen muscles, increase circulation and improve posture and flexibility."
Schalke vs Hamburg,Reality-TV,Add a Plot
COPA DEL REY last 16 2nd leg CD Leganés vs Real Madrid,Reality-TV,Add a Plot
Club World Cup Final,Reality-TV,Add a Plot
UR Unique,"Reality-TV, Talk-Show",UR Unique is a lifestyle series that chronicles the life of Unique Jenkins.
Europa League Final 2020,Reality-TV,Add a Plot
Cadiz vs Osasuna,Reality-TV,Add a Plot
famiLIES,Reality-TV,Add a Plot
Trash or Treasure Sizzle Reel,Reality-TV,Add a Plot
Eibar vs Barcelona,Reality-TV,Add a Plot
Villarreal vs Eibar,Reality-TV,Add a Plot
Vitesse Arnhem vs Heerenveen,Reality-TV,Add a Plot
Semeen razkosh,Reality-TV,"A 60-year-old family. Family defeated distances and cheating. Family stayed together. But the Alzheimer is here, ready to hang the past and destroy the future."
Calling the Dead,Reality-TV,Its not a joke. God will choose for the ones to see and for the ones He will purposely make not see. 'Calling The Dead' it is not offensive to invoke the dead non-stop because it is they ...See full summary»
Star Haber,"News, Reality-TV, Sport",Add a Plot
Mike the Gamer Funny Compilation,"Comedy, Reality-TV",Mike the Gamer Funny Compilation is a series about a kid/teen playing a game on computer while this edited to be funny.
FA Cup Fourth Round Manchester United vs Liverpool,Reality-TV,Add a Plot
Shandong Luneng vs Beijing Renhe,Reality-TV,Add a Plot
Dressed Lunch,Reality-TV,"An aesthetic work of Antonio de Santos with the live performance of philosopher Ricardo Loebell, the work ""400 strokes"" created by Sebastián Jatz Rawicz and the staging of paragraphs of books of William Burroughs."
Borussia Dortmund vs Cologne,Reality-TV,Add a Plot
iWant ASAP,"Music, Reality-TV",Add a Plot
Cani eroi,"Biography, Comedy, Reality-TV",Add a Plot
Netherlands vs England,Reality-TV,Add a Plot
Aretha!,Reality-TV,Add a Plot
ALAF Fair & Fiesta,Reality-TV,Add a Plot
Vancouver Remembers,"History, Reality-TV, War",The coverage of the day's Remembrance Day ceremonies at Victory Square and in Victoria.
British Celebrity Babes Volume 2,Reality-TV,Add a Plot
Drug Wars,Reality-TV,Add a Plot
Unconscious,Reality-TV,"""Unconscious"" contains many dream-images, obtained from a long list of films from different periods, in different languages, all around the world. Over 100 movie scenes forming a circular story."
World Music & Independent Film Festival Awards 2013,"Music, Reality-TV",Add a Plot
Non2 Uraraka Tropical Weather,Reality-TV,Add a Plot
Atletico Madrid vs Sevilla,Reality-TV,Add a Plot
Vitesse Arnhem vs Roda JC Kerk,Reality-TV,Add a Plot
The FA Cup Third Round Aston Villa vs Liverpool,Reality-TV,Add a Plot
Barcelona vs Levante,Reality-TV,Add a Plot
Chyornyy fraer 3: burakku sutoka tokyo drift,Reality-TV,"A hero, riddled with his past, dressed in all black, fights crime in a small town that stands on his way to answers."
I Am Modern,"Comedy, Reality-TV, Romance",Add a Plot
Manchester United vs Sunderland AFC,Reality-TV,Add a Plot
Mana's Summer Love Story,Reality-TV,Add a Plot
Juventus vs Inter Milan,Reality-TV,Add a Plot
West Ham United vs Tottenham Hotspur,Reality-TV,Add a Plot
Halloween Party Girls,Reality-TV,Add a Plot
Manchester City vs Liverpool,Reality-TV,Add a Plot
Real Betis Balompié vs Real Madrid,Reality-TV,Add a Plot
Newcastle United vs Northampton Town,Reality-TV,Add a Plot
Barcelona vs Real Madrid,Reality-TV,Add a Plot
CD Leganés vs Levante UD,Reality-TV,Add a Plot
Bundesliga 30. Matchday Borussia Dortmund Vs Hertha Bsc,Reality-TV,Add a Plot
Don't Tell the Bride (Chris and Corinne),Reality-TV,Add a Plot
Manchester United vs Shakhtar Donetsk,Reality-TV,Add a Plot
Manchester United vs Fulham FC,Reality-TV,Add a Plot
Juventus vs Atalanta,Reality-TV,Add a Plot
Leeds United vs Manchester United,Reality-TV,Add a Plot
Flaming violence,Reality-TV,"The film is a compilation of tragic brutality of people dying burnt alive in cars during stunts and races: flips gone wrong, gasoline exploding on race tracks, people desperately trying to ...See full summary»"
Chelsea FC vs Arsenal FC,Reality-TV,Add a Plot
Lazio vs Inter Milan,Reality-TV,Add a Plot
The Devin Millar Show: The SoCal,"Comedy, Drama, Reality-TV",Add a Plot
Miss Petite de France 2007,Reality-TV,Add a Plot
The Return of Christ Bash Series Volume 12,Reality-TV,The Return of Christ Bash Series Volume 12
Arsenal vs Barcelona,Reality-TV,Add a Plot
Derby del Nord-Ovest,Reality-TV,Add a Plot
The Return of Christ Bash Series Volume 6,Reality-TV,The Return of Christ Bash Series Volume 6
Teenos Angels: Reality,Reality-TV,Add a Plot
Girls Gone Wild: Haunted House Hookups,Reality-TV,Add a Plot
Skiringssal: The Movie,"Comedy, Drama, Reality-TV","A local news station has in interest to create a reality program featuring local students from the community. Things does not go as planned, as the students seem to hate each other, and a civil war is on the breaking point within the classroom. How long can Thomas, Sara and Petter withstand the hate from the fellow students? Trouble is brewing."
Norwich City vs Manchester United,Reality-TV,Add a Plot
Arsenal FC vs Liverpool FC,Reality-TV,Add a Plot
TV Markiza: Danovi uradnici surfuju na internete,Reality-TV,Add a Plot
A Face of Change,Reality-TV,A documentary focusing on struggling families in 4 different cities throughout India. Witness stories of inspiration and heartache where the average underdog is seen as an every day hero and given an undisclosed amount of money.
4K Fireplace,Reality-TV,"Enjoy our new crackling fireplace during a holiday party or a cozy night in. Shot in stunning 4K Ultra HD and in 5.1 surround sound, this 3-hour fireplace video flickers, crackles and adds ...See full summary»"
Offroad,"Drama, Fantasy, Mystery","""Life is short. Make it count""."
You Are Steam House Trilogy,Reality-TV,"This film is titled ""Loved"" by God. A final collection 9 DVD films. A billion words a billion videos will not suffice to what is ""You Are Steam House Trilogy"" unless you show living people the dead to appear in front of you."
Brooklin Moms: Members Only,Reality-TV,Add a Plot
Coppa Italia Quarter Final Inter Milan vs AC Milan,Reality-TV,Add a Plot
Private Parties with College Men,"Musical, Reality-TV",A compilation of raw footage total madness drama and craziness among a bunch of hot dudes.
COPA DEL REY last 16 1st leg Real Betis Balompié vs Real Sociedad,Reality-TV,Add a Plot
Behind Glows Doors 2,Reality-TV,All Secrets Revealed VOL 2 is packed with exciting behind the scenes footage of THE GLOWGIRLS! Find out EXACTLY how they created there HIT television Show GLOW - The Gorgeous Ladies of ...See full summary»
Experience Caribbean Music Mansion Contest,Reality-TV,The contest is a reality film project that will follow 5 artists' / actors lives for one month as they try to create and market a song and music video based in the Caribbean.
Las Vegas Street Magic,Reality-TV,Add a Plot
Words & Utopia #1 Stan Brakhage,Reality-TV,A meeting with Stan Brakhage in a hotel room in January 2002.
CF Reus Deportiu vs CD Mirandés,Reality-TV,Add a Plot
Naturskyddsföreningen Nordanstig 2016,Reality-TV,Add a Plot
The Original Santa Claus Parade,"Music, Musical, Reality-TV","Coverage of the annual Santa Claus Parade, with performances by Serena Ryder, The Tenors, Johnny Orlando and more."
Mazatlán Makeovers,Reality-TV,Add a Plot
Juventus F.C. vs Società Sportiva Calcio Napoli,Reality-TV,Add a Plot
"Transparentna nespravodlivost: 1. diel, potrestani exekutori?!",Reality-TV,Add a Plot
S.O.P.I. Inc: Poasttown Elementary School,Reality-TV,Add a Plot
Real Betis Balompié vs SD Eibar,Reality-TV,Add a Plot
Tottenham Hotspur vs Manchester United,Reality-TV,Add a Plot
Rock Star Isle,"Adventure, Reality-TV",A business man discovers a paradise isle in the Caribbean and decides to create a raw ecological hideaway for international Rock Stars seeking tranquility and their true self identity. ...See full summary»
Unmaking the Music Video,Reality-TV,Add a Plot
Mais Ar à Esquerda,"Comedy, Drama, Musical","The most meta-crazy talk show on the cyberweb. We invite you to embark on our irreverent, insightful and hilarious program: a combination of NOVA FCSH's most varied talents, heads and arms."
The Sins' Manor,Reality-TV,10 women and 10 men are locked in a manor with experts to heal their sins but the other candidates wake up their dark sides.
The Moon,Reality-TV,Add a Plot
Schalke vs SV Darmstadt 98,Reality-TV,Add a Plot
Cita Familiar,Reality-TV,Add a Plot
Haunted-Devon,Reality-TV,Add a Plot
Sunderland vs Manchester United,Reality-TV,Add a Plot
United Grand Lodge of Queensland Grand Installation,Reality-TV,Add a Plot
"Der Tag, an dem der Independent Film nach Erlangen kam","Drama, Reality-TV",Add a Plot
Damon King Richard Todd Talking,Reality-TV,Add a Plot
Angry Grandpa 3 the Movie: Paranormal Grand-Tivity,"Comedy, Reality-TV",Add a Plot
From Crystals to Castles,"Biography, Reality-TV","What is success in the modern age? How do you achieve success? Our drive toward ""infinite growth"" has defined humanity for decades now... but, is there more to life? What is natural about ""...See full summary»"
Girls Gone Wild: Halloween Hookups,Reality-TV,Add a Plot
Pilgrim,"Music, Reality-TV","A movie length film covering South City Christian Centre (now South City C3) over 2 (out of 3) Sunday afternoons/evenings where they had outdoor music services on Pilgrim Place, off ...See full summary»"
Bold,Reality-TV,"When a sulfurous and extra fun couple create a daring and bold Natural Empire, expect everything except that you imagine."
Juventus F.C. vs Associazione Calcio Chievo Verona,Reality-TV,Add a Plot
RCD Mallorca vs Real Betis Balompié,Reality-TV,Add a Plot
FDA: Fresh Empire Campaign,Reality-TV,Add a Plot
Guizhou Hengfeng Zhicheng vs Dalian Yifang,Reality-TV,Add a Plot
DNA Dead Not Alive,Reality-TV,From skating to pranking and even stunts join the crew on their journey!
Richard Felix Investigates: The Chambercombe Ghosts,Reality-TV,Add a Plot
The FA Cup Fourth Round Liverpool vs Bolton Wanderers,Reality-TV,Add a Plot
Liverpool vs Manchester United,Reality-TV,Add a Plot
TV Markiza: Danovi uradnici surfuju na internete,Reality-TV,Add a Plot