The Peter Show,"Family, Talk-Show",A talk show for children and teens.
City on Fire,"Music, Talk-Show",Add a Plot
Star Trek: Picard: The IMAX Live Series Finale Event,Talk-Show,The Paramount+ series Star Trek: Picard ends with final two episodes in 10 movie theaters followed with a live O&A with cast members. Participating Imax theaters include the cities of Los ...See full summary»
PA39: The Halloween Broadcast,"Horror, Reality-TV, Talk-Show","Feature-length release of the PA39 Hallowe'en television broadcast, including the full episode of ""Tyson Knight's Hallowe'en Special"" complete with TV idents and commercial breaks, as well ...See full summary»"
Whoa with Laine Lawson Craft,Talk-Show,Add a Plot
Late Nights@ the East Wing,Talk-Show,Add a Plot
Oh no! The Rise of Skywalker was real bad,Talk-Show,Add a Plot
Entrepreneur Spirit,Talk-Show,Add a Plot
I Am an Alien,"Biography, Comedy, Game-Show",Add a Plot
The Divine Goddesses,Talk-Show,"What exactly is The Sacred Divine Feminine Goddess, and how does she show up? We enter a New Earth and with that the rise of the original Goddess. She leads now from her authentic Power, ...See full summary»"
Marc Evan Jackson and His Friends from Work,Talk-Show,"Join Marc Evan Jackson and cast members from ""The Good Place"", ""The Baby-Sitters Club"", ""Brooklyn 99"", and more. They'll catch up, share memories, and tell stories from work. Marc's friends...See full summary»"
Celebration of Music,"Family, Music, Reality-TV","Celebration of Music is a talent search that showcases the best young musical talent across the Globe. Singers, musicians, bands, and dancers between the ages of 5 and 25 are all encouraged...See full summary»"
2021 Oscar Nominated Short Films: Documentary,Talk-Show,"2021 Oscar Nominated Documentary Short Films: Colette, A Concerto Is A Conversation, Do Not Split, Hunger Ward and A Love Long For Latasha."
Wise Words in a Time of Change: That Will Improve Your Life,Talk-Show,"During this time of great change for the planet and society, nine influential speakers of various spiritual backgrounds share incredible words of wisdom, showing us how to use this time to ...See full summary»"
Rick Wakeman - Face to Face,Talk-Show,"Rock legend Rick Wakeman features a stellar line-up of guests. Each episode reveals some of the most interesting, candid and in-depth interviews with major recording artists ever to grace our screens."
The eZWay Awards 2020,Talk-Show,Add a Plot
The Watch,Talk-Show,"Follow the story of 4 different characters, on their post apocalyptic everyday living. Their misjudgment, and decisions can have being yours - Four different scenarios, Four different life, One unique goal. Survive."
Ramin Namdar,"Biography, Music, Talk-Show",Ramin was ridiculed by friends and students for his short stature and stuttering while studying. Ramin started making music after years of enduring ridicule from various people. He first started making podcasts by adding some music.
Cannes Film Festival 2019,"News, Reality-TV, Talk-Show",A visit to Cannes Film Festival 2019 and footage of some events.
Jake Moss Tries to Explain His Paintings,Talk-Show,"Jake Moss tries to explain his paintings to his friends. After each attempt at explaining, his friends vote on whether or not the explanation was sufficient. If they decide the explanation wasn't good enough they all have to take a shot."
Bridging Heaven & Earth: Carlos Castaneda,Talk-Show,"The only three disciples of Carlos Castaneda (at the time of the first airing); fierce guardian warriors (""Chocmools"") demonstrate the techniques of Tensegrity, ancient magical movements ...See full summary»"
The Paul Molinar Show (Special Edition),Talk-Show,Add a Plot
Wealth Builders,Talk-Show,Add a Plot
The Ghost Hunting TV Talk Show: Paranormal TV Stars Special,Talk-Show,"The Ghost Hunting TV Talk Show Hosted By Lee Steer and Chris Beech, Two leading skeptics within the field of the paranormal, much respected and much loved by the community due to their ...See full summary»"
Pickin' It Out with Andrew Pope,Talk-Show,Add a Plot
The Art Behind the Walk,Talk-Show,Add a Plot
Get Out of My Dreams,"Action, Crime, Talk-Show","Alice and John Timberlake live a quiet life in the suburbs of California. John is a prison officer at the California State Prison and Alice assists the Agony Aunt columnist, with the big ...See full summary»"
MUFON-LA presents George Knapp,Talk-Show,Add a Plot
Stardust Memories: Destiny Logs,"Adventure, Family, Fantasy","Before the veil of the Key of Life in ""Neoni: Destiny of Archangel"" pushed them together, they lived not knowing that the universe would bring them together. These are the Keys of Life they Lived."
Great Canadians,Talk-Show,Youth news broadcasters interview Black History advocates.
Implantes Alienígenas: Palestra com Marco Antônio Petit,Talk-Show,Add a Plot
It Figures,"Reality-TV, Talk-Show",TV host and actor Justin Bratton travels the world to get to the bottom of all the facts and figures there cloud our media on It Figures.
Reel Shots Volume II,Talk-Show,"Reels Shots is a conversation-based talk show. We explore what makes people in the entertainment industry tick, how they function in this environment and their life leading them to this ...See full summary»"
Dom's Corner,Talk-Show,Add a Plot
O'Brien's Extremely Pale Ale,Talk-Show,Add a Plot
The Deal,"News, Sport, Talk-Show",Covering the financial activities of sports teams and players.
Manic Expression: Creative Chaos,Talk-Show,"In an ever more vitriolic cyber landscape, Manic-Expression.com arose as a safe haven for creative people to express themselves."
Evil Undoings,"Comedy, Talk-Show",Add a Plot
Theatre Lives: Adrian Lester,Talk-Show,Add a Plot
Entertainment Tomorrow,Talk-Show,Jon Robert Quinn and Matt Litteral talk about their latest films and projects.
"Thriving in the New Hollywood Interview with Gary Goldstein, Producer of Pretty Woman",Talk-Show,"Exceptional producer Gary W. Goldstein addresses the new entertainment industry landscape and the skills writers, producers, and others need to master in order to thrive. He reviews why ...See full summary»"
Behind the Mind,Talk-Show,Behind the scenes clip with Z aka Zeus on his Top 5 Horror movies presented by Behind The Mind.
The Nashville Sound,Talk-Show,"A segment of the Nashville Public Library's ""The Nashville Sound"" series, this June 22, 2014 re-enactment of TNN's erstwhile Nashville Now program, hosted by Ralph Emery, featuring ...See full summary»"
Pipkin Pippa Ch. Phase Connect,"Comedy, Reality-TV, Talk-Show",Add a Plot
The Vilma Jackson Show,Talk-Show,"The wider debate around diversity, inclusion and equality to highlight that these issues do not only apply to the hearing world; they run deep into the Deaf community and every corner of ...See full summary»"
Otho Jago Nijeke Niye Vabo Part - 3,Talk-Show,Add a Plot
Stardust Memories: Discovery of Voyager,"Adventure, Fantasy, News","During the present day, an unexpected truth became clear when a group of people experience flashbacks in the space between the key of life - a veil of the past, present, and future. ...See full summary»"
Po stranitsam «Vokrug smekha». 1978-1980,"Comedy, Talk-Show",Add a Plot
Interview with Dr. Mark Rodeghier,Talk-Show,Add a Plot
#sayhername - Justice for Brianna Taylor,Talk-Show,Add a Plot
Viewing Adoption as Young Adults with Alex Kuch,Talk-Show,Add a Plot
Loren Michaels Harris Bathrobe Moments,Talk-Show,Add a Plot
The Parle' Network,Talk-Show,Add a Plot
Aghany Haiaty Radio Show,Talk-Show,"A talk show behind the scenes of artistic and cinematic works, and in its episodes, he met the artist Samiha Ayoub, the artist Raghda, the director Mohamed Abdel Aziz and the artist Lotfi Labib. Radio announcer Manal El-Khouly"
The Noel Bax Podcast,Talk-Show,Add a Plot
Tell It Like It Is,"Comedy, Talk-Show","Episode of fictional late-night television talk show ""The Irv Carlson Show,"" parodying the genre."
All Is Well with Suma,Talk-Show,"Sending bright smiles and positive vibes your way, All is well is a talk show hosted by Suma Kanakala, where she interacts with various celebrities and maintains an entertaining tenor while...See full summary»"
Cooking with the Stars,Talk-Show,Add a Plot
TEDx Marin 2018,Talk-Show,Add a Plot
Kyle's Pop Culture Corner,Talk-Show,Host Kyle J. McElravy muses about the heyday of pop culture. Some episodes contain special guests with interviews.
What's So Damn Funny!,Talk-Show,Add a Plot
Catholic LA,Talk-Show,"Getting a bunch of people together to talk about Bible Studies, Jesus, the Catholic Church and strategies for evangelization."
Cinemagar Talk Show,Talk-Show,Add a Plot
Morty and Friends: The Life of Morty,"Reality-TV, Talk-Show","Welcome to Morty and Friends Rated Teens for Cussing, Mischief, Things you should never do to your parents, and Scenes that may not be suitable for all audiences."
The Nick & Tub Podcast,Talk-Show,Add a Plot
Enter the Grandmaster the Memoir of Stephen Chang,Talk-Show,Add a Plot
Beach Problems Commercial,Talk-Show,Add a Plot
Lögn i helvete!,Talk-Show,Two policemen screw up when they are going to deliver a message of fatality to an older couple on Christmas Eve.
The Prince george show,Talk-Show,Add a Plot
Portræt af: Jimmi Holm Andersen,Talk-Show,Add a Plot
Hjelp! Vi lager filmpodcast: Vi elsker 2019,"Comedy, Talk-Show","The Oscars are just around the corner, and on that occasion, the boys bring out the best from the film year 2019."
The CAT show with Cindy and Tony,Talk-Show,Add a Plot
The Indie Connection with C.L. Cannon,Talk-Show,"Every week, USA Today Bestselling Author C.L. Cannon features 3-5 independently published books which are similar to a traditionally published title."
"Benzema, combat 4 etoiles teaser",Talk-Show,Add a Plot
La historia de la inteligencia,"Comedy, Talk-Show","Thousands of scientists have tried to explain the functioning of the human brain, but only one has been able to decipher all its enigmas, Dr. Ernesto Ludwig Amo, a physicist, chemist, ...See full synopsis»"
Otho Jago Nijeke Niye Vabo Part - 2,Talk-Show,Different types of events happen in society. There are various problems. Different types of people live in our society. Their working life style is also different. Not all are equal. ...See full summary»
Matt and Tim at the Movies,"Comedy, Talk-Show",Matt and Tim love movies. MOST movies. But that's not what this show is about. Matt and Tim watch terrible public domain movies and provide their own colorful commentary over it.
Italian Is in the Town,Talk-Show,Add a Plot
Vennori Channel Evaluations,Talk-Show,Dr. Evaluate is a social media doctor who evaluates his fans/patients in an effort to grant them social success.
Discours Met De Boys,Talk-Show,Add a Plot
Victory Forces Academy,Talk-Show,Add a Plot
Petersburg Solution Interviews Petersburg City Council Candidate Marcus Squires,Talk-Show,Add a Plot
Slavoj Zizek - Disorder Under Heaven,Talk-Show,Add a Plot
Danny Dunn's Jotted,Talk-Show,Add a Plot
J Balvin Australian Tour,"Music, Talk-Show",Add a Plot
Fair Use and the Right of Publicity featuring Attorney Justin Sterling,Talk-Show,"Attorney and Litigator Justin Sterling discusses the Doctrine of Fair Use, and when writers, screenwriters, producers and publishers can use the work of others without permission. He also ...See full summary»"
Super Tom: The Movie,Talk-Show,Add a Plot
How to Produce Film and TV with Unreal Engine with Producer/VPS Darnell Williams,Talk-Show,"In this recorded workshop you meet Darnell Williams, a Producer and Virtual Production Supervisor, who uses the Unreal Engine to make film and television. Darnell Williams, founder of ...See full summary»"
Penelope's World: A Talk Show About Stuffs,Talk-Show,Add a Plot
Change the Game at David Horowitz Restoration Weekend 2014,Talk-Show,Add a Plot
Global Trumpism,Talk-Show,Add a Plot
Chef Meme,Talk-Show,Add a Plot
Collapse of China Explained by Chinese American Lawyer,"News, Talk-Show",The Collapse of China Explained By Chinese American Lawyer Gordon G Chang in a sit-down with Patrick Bet-David.
Pasos de Federico Luppi,Talk-Show,Add a Plot
Attorney Paul S. Levine addresses Copyright & Work-for-Hire Law,Talk-Show,"Leading Entertainment Attorney addresses copyright and work-for-hire law, specifically how writers, producers, performers, and others protect their work, and how intellectual property is ...See full summary»"
Gift from Twitch for streaming 10 years on their website,Talk-Show,Twitch sent me this gift because I've been streaming 10 years on their website. massive W.
Comic-Con Film School,Talk-Show,Panelists discuss the nuts and bolts of independent film making as part of Comic-Con at Home 2020.
Khobbi shou «OKnutye lyudi»,"Game-Show, Reality-TV, Talk-Show","Azamat Musagaliev, Yana Koshkina, Denis Dorokhov and Zoya Yarovitsyna must guess which of the heroes is a virtuoso pianist and which is a man without bones."
YouTube Channel for Evan Roy Dexter,Talk-Show,Add a Plot
Monsordecor,"Family, Talk-Show","Interior designer and entrepreneur, Sory Ferreras, better known as Monsordecor, gives us advice on how you can design or renovate your home to make it look elegant and luxurious without spending a lot of money."
Live Demo: Benefits of ERP for All Staff,Talk-Show,Add a Plot
A SETI Talk with Nathalie Cabrol,Talk-Show,Add a Plot
Obaland Magazine,Talk-Show,Add a Plot
PlayStation E3 Experience,Talk-Show,Add a Plot
D23: Mickey Mouse Club Celebration,Talk-Show,The 60th anniversary and a reunion for the mouseketeers.
Free Tuition with MK Asante,Talk-Show,"A fusion of education and entertainment for passionate, poetic, and inspirational conversations with special guests about justice, equality, and change."
Dudes and a Dog: 2013 New Year's Eve Extravaganza Podcast,Talk-Show,Add a Plot
Hollywood Health Report,Talk-Show,Add a Plot
The Lincolns - In Sickness and in Health,Talk-Show,Add a Plot
The Sigurd Vedal Show,Talk-Show,Add a Plot
Wann wird es endlich wieder Sommer,"Comedy, Talk-Show",Add a Plot
I tried building a custom mechanical keyboard from scratch,Talk-Show,I built a $400 custom keyboard that I bought on stream.
Interview JSQM chairman Bashir Ahmed Qureshi,Talk-Show,Exclusive interview of JSQM chairman Bashir Ahmed Qureshi from Mokhi Media. Interviewed by Sindhi Zafar in Moro (22nd February 2011)
Nostalgic Tomorrow: A Batman Gathering,Talk-Show,Nostalgic Tomorrow - A Batman Gathering (All-New Featurette) - Many of Batman Beyond's core production team and actors gather for an enthralling round-table discussion of the evolution and ...See full summary»
A Portrait of Jane Austen,Talk-Show,Add a Plot
UR Unique,"Reality-TV, Talk-Show",UR Unique is a lifestyle series that chronicles the life of Unique Jenkins.
Post Debate Special,"News, Talk-Show",Add a Plot
The Think and Grow Wealth Show,Talk-Show,Frank Verni and Jon Robert Quinn sit down with conversation about real estate and investing.
The Right Push Pre-Release First Virtual Listening Party the Rewind,Talk-Show,"This live virtual event is an advance listening party for the single 'The Right Push', By Kenneth 'The Phenomenal Hawk' Massey before it is available for streaming and download April 15th ...See full summary»"
How to Make Time Visible in Film (Without Photography),Talk-Show,"Avant-garde filmmakerTakahiko Iimurais exploring how participants can make time visible in film, (without photography), using markers of different colors and sizes, long and fat needles, clear and black 16mm film."
Fairly Normal,Talk-Show,Add a Plot
UFOs: Visitors from Inner Space,Talk-Show,Add a Plot
Jerry Trimble Jr. Presentation,Talk-Show,Add a Plot
OH to LA: An Actor's Life in LA,Talk-Show,"Interviews with actors from Ohio who have relocated to LA. Interviewees were asked questions like: How did you decide to make the move? How did you prepare to make the move? What, if any, ...See full summary»"
Ramadan Hawadet Radio Show,Talk-Show,"A talk show broadcast live during the month of Ramadan and met in its episodes with the artist Hanan Suleiman, the artist Mirna Walid and the director Mohamed Fadel. Radio presenter Nora El-Sayed"
Otho Jago Nijeke Niye Vabo,Talk-Show,Add a Plot
Operação Prato e outras revelações: um repórter na rota das luzes misteriosas,Talk-Show,Add a Plot
Why Not Tonight,Talk-Show,"The series is a popular night time TV shows using skits about current events, comedy, and celebrity guests, such as The Tonight Show, Late Night, The Late Show, The Late Late Show, etc. typically featuring a musical act, etc."
The Conciousnous Paradigm,Talk-Show,Add a Plot
The Curse of Freedom! Freedomain Call In,"News, Talk-Show",Add a Plot
GradVision,Talk-Show,Add a Plot
"Petersburg Solution Interviews Misty Blanco's Rock the Vote Show Artists in Richmond, VA",Talk-Show,Add a Plot
Just Listen to Yourself with Kira Davis: Gentrification ep: 18,Talk-Show,Add a Plot
Ruda lejt najt,Talk-Show,Add a Plot
Harbitual Harmony with Nora Sophia,Talk-Show,Add a Plot
Psychic Smarts,Talk-Show,A program that implies it will help you make money if you purchase their secrets to unlock the untapped potential of your brain
The Shootin' It Christmas Spectacular,Talk-Show,"Jayme and Kenney celebrate Christmas by becoming extremely inebriated, interviewing Santa Claus, discussing recent racial controversies regarding the ethnicity of Santa Claus, and give their 'Naughty & Nice' lists for the year."
The Refugee Conversation,Talk-Show,"As Canada started to prepare for the first wave of Syrian refugees, Director/Producer Kirby Hammond held an event to discuss how prepared Winnipeg was as a city for their arrival. This ...See full summary»"
An Audience with AP McCoy,"Sport, Talk-Show",19-times champion jockey AP McCoy joins Luke Harvey and an audience of racing fans for BBC Radio 5 live sport from the Guild of Students in Liverpool.
The Great Sherlock Holmes Debate 2,Talk-Show,"On March 18th 2012, live in London and online via phone ins, 25 of the leading Holmes experts from across the globe got together to thrash out who contributed more to the Sherlock Holmes ...See full summary»"
Hook'd,Talk-Show,Add a Plot
Is College Worth It? Tom Woods and Stefan Molyneux,"News, Talk-Show",Add a Plot
The Great Sherlock Holmes Debate 4,Talk-Show,Holmes experts around the world got together to present and debate on what the current productions of the Holmes name contributed to the Legacy of Sherlock Holmes.
Albert Cossery: entre la violence et la dérision,Talk-Show,Add a Plot
Writing for Animation,Talk-Show,Add a Plot
Recall,Talk-Show,Add a Plot
The Xian Factor,Talk-Show,Add a Plot
Analysis of Film Characters,Talk-Show,Eli is doing a deep analysis on the Big Lebowski movie character Walter Sobchak.
Posts to the Pope,Talk-Show,"RTE News asked a range of people to deliver a post in advance of the Irish visit by Pope Francis. The series includes a variety of views - devout and disillusioned, committed and critical."
Gregor Barnsdale's Hard Truths,Talk-Show,"A mockumentary showcasing the talk-show host, Gregor Barnsdale, who is attempting to make a career comeback following a disastrous interview with an unknown celebrity."
Mais Ar à Esquerda,"Comedy, Drama, Musical","The most meta-crazy talk show on the cyberweb. We invite you to embark on our irreverent, insightful and hilarious program: a combination of NOVA FCSH's most varied talents, heads and arms."
The Great Sherlock Holmes Debate 3,Talk-Show,The 3rd Great debate saw experts of the Sherlock Holmes world get together to present and debate on the Greatest Sherlock Holmes story ever written.
Jan Gradvall möter Thåström,Talk-Show,Swedish journalist Jan Gradvall talks to rock-musician Joakim Thåström.
Until the End of Time: Brian Greene in Conversation with Janna Levin,Talk-Show,Add a Plot
Petersburg Solution Interview with Council Candidate Sam Jean (Petersburg - Ward 4),Talk-Show,Add a Plot
Siren - Out of Water,Talk-Show,Add a Plot
The Magicians - The Cost of Magic,Talk-Show,Add a Plot
Shadowhunters - The Shadow World,Talk-Show,Add a Plot
Petersburg Solution Interview with Petersburg Ward 2 City Council Candidate Marlow Jones,Talk-Show,Add a Plot
Roberto Bodegas,Talk-Show,Add a Plot